question,answer
"以下哪些是Linux操作系统的特点？（）
A. 广泛性
B. 低廉性
C. 灵活性
D. 健壮性",ABC
"当字符串用单引号（’’）括起来时，SHELL将（）。
A.解释引号内的特殊字符
B.执行引号中的命令
C.不解释引号内的特殊字符
D.结束进程",C
"以下描述正确的是？ （）
A. 批处理系统出现早于分时系统
B. Linux就是批处理系统
C. 批处理系统可以同时执行多个任务
D. Windows是批处理操作系统",A
"以下哪个是移动操作系统？ （）
A. Linux
B. Android
C. WindowsXP
D. Windows2003",B
"Linux最早发布于哪一年？ （）
A. 1990
B. 1991
C. 1992
D. 1993",B
"第一个企业版的Linux是哪一个？ （）
A. CentOS
B. Ubuntu
C. Debian
D. RedHat",D
"以下哪个不是内核的组成部分？ （）
A. 系统调用接口
B. 进程管理
C. C语言编译器
D. 驱动程序",C
"Linux下常用文本编辑工具是？ （）
A. Notepad
B. EditPlus
C. DreamWeaver
D. VIM",D
"Linux的终端软件英文名称是什么？ （）
A. background
B. terminal
C. console
D. cmd",B
"下载安装软件的命令是什么？ （）
A. apt-get install
B. vim-version
C. sudo
D. setup",A
"修改密码的命令是？ （）
A. change
B. passwd
C. password
D. update",B
"进入某一文件夹的命令是？ （）
A. ls
B. cd
C. ll
D. help",B
"列表显示所有文件的命令是？ （）
A. ls
B. cd
C. pwd
D. echo",A
"打印信息的命令是？ （）
A. ls
B. pwd
C. ll
D. echo",D
"列表显示文件详细信息的命令是？ （）
A. ls
B. cd
C. ll
D. help",C
"查找帮助的命令是？ （）
A. cd
B. pwd
C. echo
D. help",D
"查看系统当前运行所有程序的命令是？ （）
A. top
B. show
C. ls
D. list",A
"系统配置文件一般放在哪个目录下？ （）
A. dev
B. usr
C. etc
D. tmp",C
"增加用户的命令是？ （）
A. adduser
B. insertuser
C. appenduser
D. deluser",A
"以下哪些描述是手机root后会产生的？ （）
A. 获取最高用户权限
B. 增加系统风险
C. 可以任意安装软件
D. 可以提升网络连接速度",ABC
"vi应该在哪个模式下来输入文件内容？ （）
A. 输入工作模式
B. 编辑工作模式
C. 命令工作模式
D. 操作工作模式",B
"从命令模式切换到编辑模式应该使用哪个命令？ （）
A. a
B. i
C. o
D. u",B
"在命令模式移动光标可以使用哪些键？ （）
A. k
B. l
C. a
D. 上箭头",AB
"删除当前行应该使用哪个命令？ （）
A. del
B. dl
C. dd
D. dt",C
"撤消上一行操作应该使用哪个命令？ （）
A. a
B. i
C. o
D. u",D
"复制当前行使用哪个命令？ （）
A. cp
B. ps
C. p
D. yy",D
"粘贴应该使用哪个命令？ （）
A. cp
B. ps
C. p
D. yy",C
"使用哪个命令可以显示vi中的行号？ （）
A. :setnumber
B. :number
C. :shownumber
D. :show",A
"在查找替换命令中，使用哪个符号来分隔要查找和替换的关键字？ （）
A. \
B. /
C. |
D. ,",B
"保存并退出vi的命令是哪个？ （）
A. :q
B. :w
C. :wq
D. :q!",C
"C语言头文件一般以什么名称结尾？ （）
A. c
B. a
C. h
D. so",A
"C语言库文件一般以什么名称结尾？ （）
A. c
B. a
C. h
D. so",C
"gcc在编译时，使用哪个参数来设置输出的文件名？ （）
A. o
B. i
C. c
D. e",A
"man命令查找Linux系统命令的用法应该使用哪个子命令？ （）
A. 1
B. 2
C. 3
D. 4",A
"man命令查找C语言函数用法应该使用哪个子命令？ （）
A. 1
B. 2
C. 3
D. 4",C
"以下哪些操作系统属于类Unix操作系统？ （）
A. Linux
B. BSD
C. MacOS
D. Windows",ABC
"使用gcc经过预编译后的文件一般以什么名称结尾？ （）
A. a
B. i
C. o
D. u",B
"使用gcc编译后的目标文件一般以什么名称结尾？ （）
A. a
B. i
C. o
D. u",C
"进程在Linux中的表示是一个（）。
A. 代码块
B. 结构体
C. 程序体
D. 封装体",B
"进程通信的方式有（）。
A. 管道
B. 消息队列
C. 套接字
D. 共享存储",ABCD
"下列选项属于线程的特点的是（）。
A. 有唯一标识
B. 不同线程可执行相同进程
C. 共享进程内存
D. 处理器独立调用",ABCD
"下列是引入线程的原因有（）。
A. 进程操作耗时
B. 提高并发处理性能
C. 提高CPU利用率
D. 使任务保持独立性",ABC
"下面关于进程调度说法正确的是（）。
A. 是确保进程有效工作的内核子系统
B. 决定进程运行的时间
C. 多任务操作系统的基础
D. 决定哪一个进程投入运行",ABCD
"进程的状态包括（）。
A. 运行状态
B. 等待状态
C. 就绪状态
D. 暂停状态",ABC
"运行内核程序的运行模式被称作（）。
A. 调解模式
B. 用户模式
C. 系统模式
D. 调试模式",C
"进程的运行模式包含（）。
A. 调解模式
B. 用户模式
C. 系统模式
D. 调试模式",BC
"进程的控制块中包含（）。
A. 操作时间
B. 进程id
C. 父进程id
D. 所需资源",BCD
"Linux的调度策略有（）。
A. 优先级策略
B. 根据进程对IO和处理器的请求多少对进程进行分类
C. 随机性策略
D. 时间片策略",ABD
"存储管理方案有（）。
A. 分区存储管理
B. 页式存储管理
C. 段式存储管理
D. 段页式存储管理",ABCD
"在分区存储管理中，内存划分方式有（）。
A. 随机分区
B. 分段式分区
C. 固定分区
D. 动态分区",CD
"页式存储管理的特点有（）。
A. 内存利用率最低
B. 页的大小因系统而异
C. 可以非连续存放
D. 对逻辑上统一的一类信息不方便查找和共享",BCD
"虚拟存储技术是有机的将内存和外存结合起来，充当（）。
A. 内存
B. 外存
C. 虚拟内存
D. 主存",C
"虚拟存储技术最大的优势就是扩展了计算机系统可使用的内存空间。 （）
A. 对
B. 错",A
"虚拟存储中因为内存空间的扩展，所以将整个程序全放置到内存中，从而加快了运行速度。 （）
A. 对
B. 错",B
"Linux中实际使用的存储管理技术是（）。
A. 分区虚拟存储管理
B. 页式虚拟存储管理
C. 段式虚拟存储管理
D. 段页式虚拟存储管理",B
"Linux中用于释放内存页，从而增加空闲页的数量，是由（）程序实现的。
A. swaped
B. delete
C. kswaped
D. release",C
"交换分区中包含专用的文件系统。 （）
A. 对
B. 错",B
"在虚拟存储管理的实现过程中，因为外存也被看做虚拟内存的一部分，所以存放在外存中的程序也可以被执行。 （）
A. 对
B. 错",B
"下列选项中属于文件系统提供的功能有（）。
A. 定义文件类型
B. 定义文件结构
C. 定义存储方式
D. 提供文件处理办法",ABCD
"文件系统提供的文件保护有（）。
A. 用户保护
B. 位置保护
C. 操作权限保护
D. 信息保护",AC
"文件共享带来的好处有（）。
A. 增强对文件的保护
B. 节省时间
C. 提高存储空间使用率
D. 减少工作量",BCD
"Linux文件系统结构可以分为（）。
A. 文件目录
B. 对外接口
C. 文件管理软件
D. 文件数据和属性",BCD
"Linux文件系统的特点可以归纳为（）。
A. 文件数据是动态的
B. 文件可由创建者设定权限
C. 一切设备均为文件
D. 文件数据是静态的",ABC
"Linux虚拟文件系统支持的文件系统包括（）。
A. 通用文件系统
B. 物理文件文件系统
C. 网络文件系统
D. 特殊文件系统",BCD
"操作权限保护的内容包括（）。
A. 只读
B. 删除
C. 只写
D. 可执行",ACD
"下列选项中属于存放在文件系统的有（）。
A. 文件数据
B. 目录
C. 软连接
D. 保护信息",ABCD
"ext4文件系统的分配策略包括（）。
A. 多块分配
B. 延迟分配
C. 文件数据块与Inode处于同一块组
D. 同目录所有Inode处于同一块组",ABCD
"虚拟文件系统设置的对象包括（）。
A. 超级块对象
B. 索引节点对象
C. 文件对象
D. 目录项对象",ABCD
"设备管理的功能包括（）。
A. 确保计算机资源合理配置
B. 完成输入/输出操作
C. 提供统一操作方式操作接口
D. 实现计算机与用户的交互友好性",BC
"在Linux系统下，系统操作设备是通过（）来完成的。
A. 驱动
B. 软件
C. 硬件
D. 信号",A
"操作系统将设备分为（）这几类。
A. 块设备
B. 支持设备
C. 字符设备
D. 网络设备",ACD
"Linux中I/O的系统结构可以分为（）。
A. 虚拟文件系统
B. 驱动层
C. 虚拟层
D. 物理设备",ABD
"下列选项属于设备管理的相关技术的是（）。
A. 缓冲技术
B. 中断技术
C. 缓存技术
D. DMA技术",ABCD
"外围设备与内存之间的输入输出控制主要有（）这几种方式。
A. 间歇方式
B. 轮询方式
C. 中断方式
D. DMA方式",BCD
"设备分配的方法有（）。
A. 共享分配
B. 独享分配
C. 批次分配
D. 虚拟分配",ABD
"中断技术可以实现（）。
A. CPU与I/O设备并行工作
B. 硬件故障处理
C. 人机联系
D. 内存与设备直接通信",ABC
"系统资源使用情况包括（）。
A. 网卡使用率
B. 内存使用量
C. CPU使用率
D. 文件系统空间使用率",BCD
"常见的设备驱动方式有（）。
A. 共享方式
B. 缓存方式
C. 中断方式
D. DMA方式",CD
"操作系统接口可以分为（）几大类。
A. 命令接口
B. 程序接口
C. 物理接口
D. 图形界面接口",ABD
"下列关于操作系统接口说法错误的是（）。
A. 操作系统接口用于支持用户和操作系统之间进行交互。
B. 操作系统接口可以分为三大类。
C. 操作系统接口通常由“命令”和“系统调用”的形式表现出来。
D. 操作系统接口指的是用户与计算机之间的接口。",D
"下列属于shell版本的是（）。
A. bash
B. sh
C. dsh
D. csh",ABCD
"Linux默认的Shell版本是（）。
A. bash
B. sh
C. dsh
D. zsh",A
"下列关于Shell说法正确的是（）。
A. Shell是命令的语言编辑器
B. Shell是命令的语言解释器
C. Shell拥有内置的shell命令集
D. Shell会将有效的命令传达到内核驱动",BCD
"下列关于X11说法正确的是（）。
A. 利用网络架构进行图形界面的运行与绘制。
B. 是一种软件
C. 是一种操作系统
D. x11使用的网络架构中X-Client用于管理硬件。",AB
"下列关于X-Windows体系结构说法正确的是（）。
A. X-Server用于管理客户端硬件
B. X-Server接受鼠标键盘灯发送的信息
C. X-client为X-Server提供数据
D. X-Client是应用程序",ABCD
"X-Windows的组成部分包括（）。
A. 桌面
B. 窗口
C. 菜单
D. 按钮",ABCD
"Linux中的系统调用接口可以在（）情况下使用。
A. 开机后直接使用
B. 系统加载后使用
C. 编写程序时使用
D. 运行程序时使用",C
"下列关于系统调用接口说法错误的是（）。
A. 为开发人员提供开发环境
B. 单进程处理功能
C. 可以提升安全性
D. 是用户与操作系统间的接口",B
"vi 编辑器里面如何删除最后一行（）
A. 先输入G，再输入 d
B. 先输入G，再输入 dd
C. 先输入 A，再输入 dd
D. 先输入 A，再输入 d",B
"新建一个管理员用户 admin，需要使用的参数（）
A. useradd -u 0 -o admin
B. useradd -g -0 admin
C. useradd -p -d admin
D. useradd -e -f admin",A
"在Linux下查看文件有多种方法，若希望在查看文件内容过程中，可以按空格实现翻页，应使用（）命令
A. cat
B. more
C. less
D. head",BC
"有一台系统为 Linux 的计算机，在其当前目录下有一个名为 test 的文本文件，管理员小张要用 vi 编辑器打开该文档以查看其中的内容，应使用的命令是（）
A. opentest
B. vi read test
C. vi test
D. open vi",C
"Linux系统中建立一个新文件可以使用的命令为？（）
A. chmod
B. more
C. cp
D. touch",D
"Linux系统中建立一个新文件可以使用的命令为？（）
A. chmod
B. more
C. cp
D. touch",B
"在unix系统下执行chmod(“/usr/test/sample”,0753)之后该文件sample的访问权限为（）
A. 拥有者可读写执行，同组用户可写可执行，其他用户可读可执行
B. 拥有者可读写执行，同组用户可读写，其他用户可读可执行
C. 拥有者可读写执行，同组用户可读可执行，其他用户可写可执行
D. 拥有者可读写执行，同组用户可读可执行，其他用户可读写",C
"在unix系统下执行chmod(“/usr/test/sample”,0753)之后该文件sample的访问权限为（）
A. 拥有者可读写执行，同组用户可写可执行，其他用户可读可执行
B. 拥有者可读写执行，同组用户可读写，其他用户可读可执行
C. 拥有者可读写执行，同组用户可读可执行，其他用户可写可执行
D. 拥有者可读写执行，同组用户可读可执行，其他用户可读写",A
"内核不包括的子系统是（）
A. 进程管理系统
B. 内存管理系统
C. I/O管理系统
D. 硬件管理系统",D
"关闭linux系统（不重新启动）可使用命令（）
A. Ctrl+Alt+Del
B. halt
C. shutdown -r now
D. reboot",B
"在bash中，在一条命令后加入“1>&2”的意义是（）
A. 标准错误输出重定向到标准输入
B. 标准输入重定向到标准错误输出
C. 标准输出重定向到标准错误输出
D. 标准输出重定向到标准输入",C
"下列不属于linux内核锁的一项是（）
A. Semaphore
B. Spinlock
C. seqlock
D. Message",D
"当字符串用单引号（’’）括起来时，SHELL将（）。
A.解释引号内的特殊字符 
B.执行引号中的命令 
C.不解释引号内的特殊字符 
D.结束进程",C
"/etc/shadow文件中存放（）。
A.用户账号基本信息 
B.用户口令的加密信息 
C.用户组信息 
D.文件系统信息",B
"Linux系统中，用户文件描述符 0 表示（）。
A.标准输入设备文件描述符 
B.标准输出设备文件描述符 
C.管道文件描述符 
D.标准错误输出设备文件描述符",A
"为卸载一个软件包，应使用（）。
A.rpm -i 
B.rpm -e 
C.rpm -q 
D.rpm -V",B
"若当前目录为 /home,命令 ls –l 将显示 home 目录下的（）。
A.所有文件 
B.所有隐含文件 
C.所有非隐含文件 
D.文件的具体信息",D
"下面关于文件 “/etc/sysconfig/network-scripts/ifcfg-eth0” 的描述哪个是正确的?（）。
A.它是一个系统脚本文件 
B.它是可执行文件
C.它存放本机的名字 
D.它指定本机eth0的IP地址",D
"如何快速切换到用户John的主目录下？（）
A.cd @John 
B.cd #John 
C.cd &John 
D.cd ~John",D
"启动DNS服务的守护进程（）
A. httpd start 
B. httpd stop 
C. named start 
D. named stop",C
"若URL地址为http://www.nankai.edu/index.html，请问哪个代表主机名（）
A.nankai.edu.cn 
B.index.html
C.www.nankai.edu/index.html 
D.www.nankai.edu",D
"在LINUX中，要查看文件内容，可使用（）命令。
A.more
B.cd
C.login
D.logout",A
"光盘所使用的文件系统类型为（）。
A.ext2
B.ext3
C.swap
D.ISO9660",D
"LINUX 所有服务的启动脚本都存放在（）目录中。
A./etc/rc.d/init.d
B./etc/init.d
C./etc/rc.d/rc
D./etc/rc.d",A
"REDHATLINUX 所提供的安装软件包，默认的打包格式为（）。
A.…tar
B.…tar.gz
C.…rpm
D.…zip",C
"以下文件中，只有 root 用户才有权存取的是（）
A.passwd
B.shadow
C.group
D.password",B
"usermod 命令无法实现的操作是（）
A.账户重命名
B.删除指定的账户和对应的主目录 
C.加锁与解锁用户账户
D.对用户密码进行加锁或解锁",B
"LINUX用于启动系统所需加载的内核程序位于（）
A./
B./lib/modules/2.4.20_8/kernel
C./boot
D./proc",C
"init进程对应的配置文件名为（），该进程是LINUX系统的第一个进程，其进程号PID始终为1。
A./etc/fstab
B./etc/init.conf
C./etc/inittab.conf
D./etc/inittab",D
"在LINUX运行的7个级别中，X—WINDOWS图形系统的运行级别为（）。
A.2
B.3
C.5
D.6",C
"若在文字界面下，需要键入何种指令才能进入图形界面（Xwindow）。（）
A.reboot
B.startx 
C.startwindow
D.getinto",B
"当安装linux操作系统时将选择下列那一个操作?（）
A.选择“图形登录方式”设定系统开始运行级为4
B.选择“文本登录方式”设定系统开始运行级为3
C.选择“文本登录方式”设定系统开始运行级为5
D.选择“图形登录方式”设定系统开始运行级为3",B
"Linux 通过 VFS 支持多种不同的文件系统。Linux 缺省的文件系统是（）
A.VFAT
B.ISO9660
C.Ext系列
D.NTFS",C
"关闭linux系统（不重新启动）可使用（）命令。
A.ctrl+alt+del
B.halt
C.shutdown-r
D.reboot",B
"修改以太网mac地址的命令为（）。
A.ping
B.ifconfig
C.arp
D.traceroute",B
"在 vi 编辑器中的命令模式下，键入（）可在光标当前所在行下添加一新行。
A.O
B.o
C.i
D.a",B
"以下选项中，哪个命令可以关机?（）
A.init0
B.init1
C.init5
D.init6",A
"请选择关于/etc/fstab的正确描述。（）
A.系统启动后，由系统自动产生 
B.用于管理文件系统信息
C.用于设置命名规则，是否使用可以用TAB来命名一个文件 
D.保存硬件信息",B
"从后台启动进程，应在命令的结尾加上符号（）
A．&           
B. @          
C. #             
D. $",A
"在创建Linux分区时，一定要创建（）两个分区
A.FAT/NTFS 
B.FAT/SWAP 
C.NTFS/SWAP 
D.SWAP/根分区",D
"在RedHatLinux9 中，系统默认的（）用户对整个系统拥有完全的控制权。
A.root 
B.guest 
C.administrator 
D.supervistor",A
"当登录Linux时在RedHatLinux9号的shell将被调用，这个ID是什么（）
A. NID 
B. PID 
C. UID 
D. CID",B
"下面哪个命令是用来定义shell的全局变量（）
A. exportfs 
B. alias 
C. exports 
D. export",D
"哪个目录存放用户密码信息（）
A. /boot 
B. /etc 
C. /var 
D. /dev",B
"默认情况下管理员创建了一个用户，就会在（）目录下创建一个用户主目录。
A. /usr 
B. /home 
C. /root 
D. /etc",B
"当使用mount进行设备或者文件系统挂载的时候，需要用到的设备名称位于（）目录。
A./home 
B./bin 
C./etc 
D./dev",D
"如果要列出一个目录下的所有文件需要使用命令行（）。
A. ls–l 
B. ls 
C. ls–a
D. ls–d",C
"哪个命令可以将普通用户转换成超级用户（）
A. super 
B. passwd 
C. tar 
D. su",D
"除非特别指定，cp假定要拷贝的文件在下面哪个目录下（）
A.用户目录 
B. home目录 
C. root目录 
D.当前目录",D
"在vi编辑器里，命令""dd""用来删除当前的（）
A.行 
B.变量 
C.字 
D.字符",A
"当运行在多用户模式下时，用Ctrl+ALT+F*可以切换多少虚拟用户终端（）
A. 3 
B. 6 
C. 1 
D. 12",B
"Linux启动的第一个进程init启动的第一个脚本程序是（）。
A./etc/rc.d/init.d 
B./etc/rc.d/rc.sysinit 
C./etc/rc.d/rc5.d 
D./etc/rc.d/rc3.d",B
"按下（） 键能终止当前运行的命令
A. Ctrl-C 
B. Ctrl-F 
C. Ctrl-B 
D. Ctrl-D",A
"下面哪个命令用来启动X Window （）
A. runx 
B. Startx 
C. startX 
D. xwin",C
"用来分离目录名和文件名的字符是（）
A. dash 
B. slash
C. period
D. asterisk",B
"用 “rm -i”,系统会提示什么来让你确认（）
A.命令行的每个选项 
B.是否真的删除 
C.是否有写的权限 
D.文件的位置",B
"以下哪个命令可以终止一个用户的所有进程（）
A. skillall 
B. skill 
C. kill 
D. killall",D
"在Red Hat Linux 9中，一般用（）命令来查看网络接口的状态
A. ping 
B. ipconfig 
C. winipcfg 
D.ifconfig",D
"vi中哪条命令是不保存强制退出（）
A. :wq 
B. :wq! 
C. :q! 
D. :quit",C
"在下列分区中，Linux默认的分区是（）
A. FAT32 
B. EXT3 
C. FAT
D. NTFS",B
"若要将鼠标从VM中释放出来，可按 （）键来实现
A. Ctrl + Alt 
B. Ctrl +Alt +Del 
C. Ctrl +Alt +Enter 
D. Ctrl +Enter",A
"如果用户想对某一命令详细的了解，可用（）
A. ls 
B. help（内部） 
C. man（列举的信息多） 
D. dir",C
"Samba服务器的配置文件是（）。
A. httpd.conf 
B. inetd.conf 
C. rc.samba 
D. smb.conf",D
"用户编写了一个文本文件 a.txt，想将该文件名称改为 txt.a，下列命令（）可以实现。
A. cd a.txt xt.a 
B. echo a.txt > txt.a 
C. rm a.txt txt.a 
D. cat a.txt > txt.a",D
"Linux文件权限一共 10 位长度，分成四段，第三段表示的内容是（）。
A.文件类型
B.文件所有者的权限 
C.文件所有者所在组的权限 
D.其他用户的权限",C
"在使用mkdir命令创建新的目录时，在其父目录不存在时先创建父目录的选项是（）。
A. -m 
B. -d 
C. -f 
D. -p",D
"下面关于节点描述错误的是（）。
A．节点和文件是一一对应的
B．节点能描述文件占用的块数
C．节点描述了文件大小和指向数据块的指针
D．通过节点实现文件的逻辑结构和物理结构的转换",A
"在 vi 编辑器中的命令模式下，重复上一次对编辑的文本进行的操作，可使用（）命令。
A. 上箭头 
B. 下箭头 
C. “.” 
D. “*”",C
"某文件的组外成员的权限为只读；所有者有全部权限；组内的权限为读与写，则该文件的权限为（）。
A. 467 
B. 674 
C. 476 
D. 764",D
"在Redhat公司发布的Linux版本中，若要更改用户密码，可以修改以下 （）脚本。
A. /etc/inittab 
B. /etc/passwd 
C. /etc/shadow 
D. /etc/group",C
"下列不是 Linux 系统进程类型的是（）。
A.交互进程 
B.批处理进程 
C.守护进程 
D.就绪进程",D
"下列关于 /etc/fstab 文件描述，正确的是（）。
A. fstab文件只能描述属于linux的文件系统 
B. CD_ROM和软盘必须是自动加载的
C. fstab文件中描述的文件系统不能被卸载 
D.启动时按fstab文件描述内容加载文件系统",D
"在 Shell 脚本中，用来读取文件内各个域的内容并将其赋值给 Shell 变量的命令是（）。
A. fold 
B. join 
C. tr 
D. read",D
"Linux系统的开发模型是（）。
A.教堂模型 
B.集市模型 
C.层次模型 
D.网状模型",B
"在 Linux 中，进程优先级的相关参数有多个，与实时进程优先级相关的参数是（）。
A.policy 
B.counter 
C.priority 
D.rt_priority",D
"在Linux系统中，每个进程都有4GB的虚拟地址空间，其中内核空间占用（）。
A．0~2GB-1
B．0~3GB-1
C．3GB~4GB-1
D．2GB~4GB-1",C
"Linux文件系统中，文件在外存的物理地址放在（）中。
A.节点 
B.用户打开文件表 
C.系统打开文件表 
D.进程控制块",A
"你使用命令“vi/etc/inittab”查看该文件的内容，你不小心改动了一些内容，为了防止系统出问题，你不想保存所修改内容，你应该如何操作（）
A.在末行模式下，键入:wq
B.在末行模式下，键入:q!
C.在末行模式下，键入:x! 
D.在编辑模式下，键入“ESC”键直接退出vi",B
"显示已经挂装的文件系统磁盘inode使用状况的命令是（）?
A.df–i
B.su–I
C.du–I
D.free–i",A
"删除文件命令为（）
A.mkdir
B.move
C.mv
D.rm",D
"网络管理员对www服务器可进行访问、控制存取和运行等控制，这些控制可在（）文件中体现。
A.httpd.conf
B.lilo.conf
C.inetd.conf
D.resolv.conf",A
"如果想在Linux下实现热启，应当修改/etc/inittab下的哪一行（）。
A.#TrapCTRL-ALT-DELETE 
B.#ca::ctrlaltdel:/sbin/shutdown-t3-rnow
C.#id:3:initdefault: 
D.#10:3:wait:/etc/rc.d/rc3",B
"下列哪个命令在建立一个tar归档文件的时候列出详细列表（）。
A.tar-t
B.tar-cv
C.tar-cvf
D.tar–r",A
"假设文件fileA的符号链接为fileB，那么删除fileA后，下面的描述正确的是（）。
A.fileB也随之被删除 
B.fileB仍存在，但是属于无效文件
C.因为fileB未被删除，所以fileA会被系统自动重新建立 
D.fileB会随fileA的删除而被系统自动删除",B
"一个bashshell脚本的第一行是（）？
A.#/bin/csh
B.#/bin/bash  
C./bin/bash
D.#!/bin/bash",D
"改变文件所有者的命令为（）？
A.chmod
B.touch
C.chown
D.cat",C
"用于文件系统直接修改文件权限管理命令为：（）
A.chown
B.chgrp 
C.chmod
D.umask",C
"在给定文件中查找与设定条件相符字符串的命令为（）。
A.grep
B.gzip
C.find
D.sort",A
"建立一个新文件可以使用的命令为（）。
A.chmod
B.more
C.cp
D.touch",D
"存放Linux基本命令的目录是什么（）?
A./bin
B./tmp
C./lib
D./root",A
"自由软件的含义是（）。
A．用户不需要付费
B．软件可以自由修改和发布 
C．只有软件作者才能向用户收费 
D．软件发行商不能向用户收费",B
"系统引导的过程一般包括如下几步：a．MBR中的引导装载程序启动；b．用户登录；c．Linux内核运行；d．BIOS自检。正确的顺序是（）。
A．d,b,c,a
B．d,a,c,b
C．b,d,c,a 
D．a,d,c,b",B
"字符界面下使用shutdown命令重启计算机时所用的参数是（）。
A．-h 
B．-t
C．-k
D．-r",D
"下列设备属于块设备的是（）。
A．键盘
B．终端 
C．游戏杆
D．硬盘",D
"cd 命令可以改变用户的当前目录，当用户键入命令 “cd” 并按Enter键后，（）。
A．当前目录改为根目录
B．当前目录不变，屏幕显示当前目录
C．当前目录改为用户主目录
D．当前目录改为上一级目录",C
"在UNIX/Linux系统添加新用户的命令是（）
A.groupadd
B.usermod 
C.userdel
D.useradd",D
"添加用户时使用参数（）可以指定用户目录。
A.-d
B.-p  
C.-u
D.-c",A
"修改用户自身的密码可使用（）
A.passwd
B.passwd-dmytest 
C.passwdmytest
D.passwd-l",A
"统计磁盘空间或文件系统使用情况的命令是：（）
A.df
B.dd  
C.du
D.fdisk",A
"若使pid进程无条件终止使用的命令是（）。
A.kill-9
B.kill-15 
C.killall-1
D.kill-3",A
"显示系统主机名的命令是（）
A.uname-r
B.whoami 
C.uname-n
D.whoami",C
"Linux系统中用于打印队列查询的命令是（）。
A.lp
B.lprm 
C.lpr
D.lpstat",D
"FTP传输中使用哪两个端口（）？
A.23和24
B.21和22 
C.20和21
D.22和23",C
"欲把当前目录下的file1.txt复制为file2.txt，正确的命令是（）。
A.copyfile1.txtfile2.txt
B.cpfile1.txt|file2.txt
C.catfile2.txtfile1.txt
D.catfile1.txt>file2.txt",D
"如果您想列出当前目录以及子目录下所有扩展名为“.txt”的文件，那么您可以使用的命令是（）。
A.ls*.txt 
B.find.–name“.txt” 
C.ls–d.txt
D.find.“.txt”",B
"如何删除一个非空子目录/tmp（）。
A.del/tmp/*
B.rm-rf/tmp
C.rm-Ra/tmp/*
D.rm–rf/tmp/*",B
"存放用户帐号的文件是（）。
A.shadow
B.group
C.passwd
D.Gshadow",C
"一个文件名字为rr.Z，可以用来解压缩的命令是（）
A．tar
B.gzip
C.compress
D.uncompress",D
"如果执行命令#chmod746file.txt，那么该文件的权限是（）。
A.rwxr–rw-
B.rw-r–r--
C.--xr—rwx
D.rwxr–r—",A
"Linux有三个查看文件的命令，若希望在查看文件内容过程中可以用光标上下移动来查看文件内容，应使用命令（）
A．cat
B.more
C.less
D.menu",C
"若一台计算机的内存为128MB，则交换分区的大小通常是（）
A．64MB
B.128MB
C.256MB
D.512MB",C
"下列关于Linux说法中，不正确的是（）
A.Linux操作系统具有虚拟内存的能力
B.Linux操作系统不是UNIX系统的变种，因此Linux上程序不适合UNIX平台上运行
C.Linux操作系统不限制应用程序可用内存的大小
D.Linux操作系统支持多用户，在同一时间可以有多个用户使用主机",B
"POSIX标准的作用是对UNIX进行（）。
A. 可移植化
B. 互联互通
C. 标准化
D. 可定制化",C
"Linux的内核在哪个开源协议下发行？
A. Apache
B. BSD
C. MIT
D. GPL",D
"下面哪个操作系统不属于类UNIX操作系统？
A. Linux
B. Windows 10
C. Berkeley UNIX
D. UNIX System V",B
"GNU开发的工具在哪个协议下发行？
A. GPL
B. MIT
C. BSD
D. Apache",A
"Linux内核的开发者是？
A. Elon Musk
B. Richard Stallman
C. Linus Torvalds
D. Jeff Bezos",C
"Linux内核的版本号中包括（）。
A. 昵称号
B. 主版本号
C. 次版本号
D. 修订次数",BCD
"GNU项目开发出的重要软件工具有（）。
A. make
B. gdb
C. bash
D. gcc
E. emacs",ABCDE
"UNIX的两个流派是？
A. Solaris
B. BSD UNIX
C. UnixWare
D. System V",BD
"在GPL协议下发布的软件，用户可以（）。
A. 运行该软件
B. 修改该软件
C. 发布修改后的软件
D. 查看该软件源代码",ABCD
"UNIX系统的开发者是？
A. Dennis Ritchie
B. Ken Thompson
C. Linus Torvalds
D. Bill Gates",AB
"Linux操作系统的版本号包括（）
A. 内核版本号
B. 外壳版本号
C. 发行版本号
D. shell版本号",AC
"FSF(Free Software Foundation)组织中，Free的含义是免费。
A. 对
B. 错",错
"用户修改在GPL协议下发布的软件，再发布时可以添加自己的限制条件。
A. 对
B. 错",错
"UNIX从一开始就是用C语言编写的。
A. 对
B. 错",错
"UNIX被注册为软件商标，最早由AT&T公司持有。
A. 对
B. 错",对
"shell是命令解释器，位于UNIX的内核中。
A. 对
B. 错",错
"使用远程登录软件登录系统后，使用who命令看到该用户的登录终端类型为（）
A. 控制台console
B. 远程终端
C. 伪终端pts
D. 虚拟终端tty",C
"命令中选项的作用是（）
A. 指明命令作用的对象
B. 加速命令执行
C. 调整命令的执行行为
D. 调整命令优先级",C
"UNIX系统中的管理员是？
A. adminstrator
B. root
C. sys
D. admin",B
"内部命令又称为（）
A. 系统工具程序
B. shell命令
C. 磁盘命令
D. 内存命令",B
"已知mkdir为GNU项目开发的外部命令，下面哪个命令无法获得该命令的帮助信息（）
A. man mkdir
B. mkdir --help
C. info mkdir
D. help mkdir",D
"用户登录成功后，命令行是由哪个系统组件显示出来的？
A. 常驻模块
B. shell
C. 应用工具
D. 内核",B
"在命令中输入出现错误，想删除整行字符，使用命令？
A. ctrl+u
B. 按键backspace
C. ctrl+h
D. ctrl+c",A
"类UNIX系统中的虚拟终端称为()
A. tty
B. vt
C. :0
D. pts",A
"想终止正在命令行中执行的程序，可以使用组合键？
A. ctrl+c
B. ctrl+b
C. ctrl+z
D. ctrl+w",A
"命令ls -a -l /boot中，参数是？
A. boot
B. /boot
C. -a -l /boot
D. -a -l",B
"用于显示当前系统中登录用户信息的命令是？
A. who
B. here
C. logged
D. login",A
"在图形用户界面中使用终端模拟软件打开一个终端窗口，使用who命令看到该用户的登录终端类型为（）
A. 虚拟终端tty
B. 控制台console
C. 伪终端pts
D. 本地终端",C
"用户A切换到虚拟终端2并成功登录，其他用户使用who命令看到用户A的登录终端为（）
A. 虚拟终端tty
B. 控制台console
C. 伪终端pts/2
D. 虚拟终端tty2",D
"shell程序保存在哪个目录中？
A. /sbin
B. /bin
C. /etc
D. /bash",B
"命令中参数的作用是（）
A. 调整命令的执行行为
B. 调整命令优先级
C. 指明命令作用的对象
D. 加速命令执行",C
"显示时间和日期的命令是?
A. who
B. now
C. date
D. time",C
"显示日历信息的命令是？
A. ymd
B. date
C. cal
D. calendar",C
"UNIX中，命令提示符中的哪个符号可以说明用户是普通用户（）。
A. $
B. ￥
C. &
D. #",A
"下面选项的使用中，哪个是错误？
A. ls -a
B. ls -a-l
C. ls  -a -l
D. ls -al",B
"获得命令帮助信息的途径（可能）有（）
A. 命令man
B. 命令help
C. 命令选项--help
D. 命令info",ABCD
"伪终端是由（）软件模拟出的终端
A. 终端模拟
B. 系统
C. 远程登录
D. 用户",AC
"命令分为（）
A. 远程命令
B. 本地命令
C. 内部命令
D. 外部命令",CD
"who命令显示的用户登录信息包括（）
A. 登录的地点（地址）
B. 终端号
C. 登录名
D. 登录时间",ABCD
"用户在UNIX系统上进行登录时，需要输入（）。
A. 用户UID
B. 登录名
C. 口令
D. 命令提示符",BC
"命令行的三个组成部分为（）。
A. 命令名
B. 选项
C. 分隔符
D. 参数",ABD
"help命令无法提供外部命令的帮助信息
A. 对
B. 错",对
"命令中可以使用多个选项。
A. 对
B. 错",对
"外部命令又称系统工具程序，保存在文件系统中，使用时才载入内存执行。
A. 对
B. 错",对
"命令行中的回车键解释为命令行的结束符。
A. 对
B. 错",对
"用户在使用UNIX系统前必须登录。
A. 对
B. 错",对
"在UNIX中，root用户可以使用passwd命令修改其他用户的密码
A. 对
B. 错",对
"贡献者参加开源项目开发，提交PR的步骤是？
A. 将本地提交push到自己的社区库中
B. 将自己社区库中的代码clone到本地开发环境上
C. 提交修改
D. 向社区官方代码库提交PR
E. 修改代码，解决bug或开发新feature
F. 待Maintainer review后合入社区官方代码库
G. 贡献者从社区官方代码库中fork一份代码到自己的库",GBECADF
"使用git工具将本地代码改动推到服务器上的贡献者代码仓库的选项是？
A. add
B. pull
C. push
D. commit",C
"使vi进入命令模式的按键是？
A. c
B. tab
C. esc
D. i",C
"使用dnf命令删除软件包的选项是？
A. remove
B. del
C. delete
D. omit",A
"命令模式中，撤销对当前行所做的所有修改所用的键是？
A. U
B. u
C. l
D. L",A
"使用dnf命令更新软件包的选项是？
A. renovate
B. regenerate
C. update
D. renew",C
"使用git工具查看文件状态的选项是？
A. state
B. status
C. condition
D. form",B
"目前光标在第5行，在命令模式下能够使光标回到2行的命令是（）。
A. 3k
B. 3j
C. 4k
D. gg",A
"使用/或？进行搜索后，将光标移动到下一个匹配字符串，并且与搜索命令方向相同的按键是（）。
A. P
B. n
C. N
D. p",B
"不保存文件，强制退出vi的命令是？
A. :q!
B. :exit
C. :q
D. :break",A
"移动光标到行首所用的键是？
A. w
B. 0
C. $
D. .",B
"下面哪个命令不可以保存文件并退出vi编辑器
A. :x
B. ZZ
C. :save
D. :wq",C
"光标目前在第2行，删除第2行到第4行的命令是（）。
A. 3dd
B. D3
C. dd3
D. 2-4d",A
"命令模式下，左移2个字的命令是（）。
A. 2w
B. 2e
C. 2word
D. 2b",D
"在命令模式中要执行ex命令，需要按下按键（）后，再输入命令。 
A. :
B. '
C. #
D. $",A
"在命令模式下，光标所在行只有一个单词word，光标在字符w处。按下按键R后，输入world，则此行的文本为（）。
A. Rworldword
B. wRworldord
C. world
D. wworldord",C
"命令模式中，光标右移一个字所用的键是？
A. w
B. c
C. b
D. e",A
"使用git工具添加文件到暂存区选项是？
A. pull
B. add
C. commit
D. push",B
"shell程序保存在哪个目录中？
A. /etc
B. /bash
C. /sbin
D. /bin",D
"移动光标到行尾所用的键是？
A. w
B. $
C. .
D. t",B
"使用dnf命令安装软件包的选项是？
A. installation
B. install
C. setup
D. mount",B
"命令模式中，撤销最近一次修改所用的键（）。
A. c
B. b
C. U
D. u",D
"使用dnf命令安装软件包集合的选项是？
A. install
B. setup
C. mount
D. groupinstall",D
"使用git工具提交文件变动到版本库的选项是？
A. add
B. commit
C. push
D. pull",B
"重复上一次修改的按键是？
A. m
B. .
C. `
D. u",B
"使用git工具创建分支的选项是？
A. branch
B. checkout
C. fork
D. clone",A
"使用git工具切换分支的选项是？
A. branch
B. fork
C. checkout
D. shift",C
"vi中在命令模式下，以下操作能够实现向右移动2格的操作是（）。
A. 按两下空格
B. 2l
C. ll
D. 按两下向右方向键",ABCD
"可以通过下面()的方式永久改变用户使用的shell。
A. 使用chsh命令
B. 修改用户配置文件passwd中对应的默认shell字段
C. 命令行中输入新shell名并执行
D. 使用chvt命令",AB
"用户在命令行虚拟终端登录过程中涉及到的程序有（）。
A. shell类程序
B. login程序
C. getty类程序
D. passwd程序",ABC
"按键后由命令模式切换到文本输入模式，并且光标移动到行尾或者行首的命令有（）
A. a
B. I
C. A
D. i",BC
"在使用git工具进行开源项目开发时，需要使用config选项配置贡献者在代码托管平台的用户名和邮箱地址，下面配置用户linuxer用户名和邮箱的正确命令是？
A. git  config   user.email   linuxer@qq.com
B. git  config  email   linuxer@qq.com
C. git   config  user.name   linuxer
D. git   config  name   linuxer",AC
"下面哪些是vi的切换模式键？
A. i
B. I(大写i)
C. A
D. O(大写o)
E. a
F. o
G. e",ABCDEF
"贡献者参加开源项目开发的各个步骤中，能够使用git工具进行操作的有？
A. 提交修改
B. 贡献者从社区官方代码库中fork一份代码到自己的库
C. 将自己社区库中的代码clone到本地开发环境上
D. 将本地提交push到自己的社区库中",ACD
"命令模式下左移一个字符，可以使用按键（）
A. l
B. backspace
C. <-(向左方向键)
D. h",BCD
"按键后由命令模式切换到文本输入模式，并且产生新行的命令有（）
A. O
B. I
C. A
D. o",AD
"使用/或？对字符串进行搜索后，当搜索到多个字符串时，按键（）能够将光标移动到下一个匹配字符串。
A. n
B. p
C. N
D. P",AC
"vi的工作模式都有哪些？
A. 命令模式
B. 页编辑模式
C. 文本输入模式
D. 行编辑模式",AC
"命令模式下，按回车键或按键j，都能使光标下移1行
A. 对
B. 错",对
"vi打开文件后，以波浪号为开头的行表示该行尚未被编辑。
A. 对
B. 错",对
"在命令行中输入新的shell名称（可执行文件存在）并执行,可以临时改变shell
A. 对
B. 错",对
"命令模式下/和？后接字符串都可以对字符串进行搜索，只是搜索方向不同。
A. 对
B. 错",对
"命令模式下，按键backspace和按键x功能一致，都能删除字符。
A. 对
B. 错",错
"命令模式下，按下按键r能够替换光标所在的字符并且切换到文本输入模式。
A. 对
B. 错",错
"git  clone https://gitee.com/my-tux/LinuxAbc.git，上述命令中网址指的是“贡献者账号仓库下面的项目地址”
A. 对
B. 错",对
"假设X为vi的一个选项，要查看该选项的当前值，可以使用命令（）。
A. :set X?
B. :set $X
C. :set X
D. :set &X",A
"直接使用命令vi(不带任何参数）启动vi编辑器，想把编辑的内容写入到文件filea中，需要使用命令（）。
A. :e filea
B. :r filea
C. :w filea
D. :x filea",C
"存放Linux内核的文件的目录为（）
A. /root
B. /
C. /boot
D. /kernel",C
"用户root登录成功后，发现在自己的主目录中，则root用户当前的工作目录是（）。
A. /root/work
B. /home/root
C. /work
D. /root",D
"已知当前目录为/home/david/bin，用户david执行cd ..命令后，再执行pwd命令，所显示的结果为（）。
A. /home
B. /home/david/bin
C. /home/david
D. /bin",C
"已知文件sda为设备文件，他应该保存在目录（）中。
A. /disk
B. /device
C. /dev
D. /media",C
"用户tom登录成功后，进入了他的主目录，此时他的工作目录为（）。
A. /usr/tom
B. /work/tom
C. /current/tom
D. /home/tom",D
"/sys目录的父目录是（）。
A. sys
B. /root
C. 没有父目录
D. /",D
"如果想了解内核的运行状态信息，可以通过查看目录（）中的相关文件。
A. /root
B. /boot
C. /proc
D. /kernel",C
"用于存放配置文件的目录是（）。
A. /config
B. /register
C. /usr/local
D. /etc",D
"/usr/local是/usr的（）。
A. 子目录
B. 主目录
C. 父目录
D. 工作目录",A
"root用户登录后将进入（）目录。
A. /desktop
B. /root
C. /boot
D. /home/root",B
"vi中将光标移动到文件尾部，需要使用命令（）。
A. G
B. $
C. gg
D. T",A
"将光标移动到第一行，可以使用命令（）。
A. 1G
B. :1
C. gg
D. 0",ABC
"vi中的翻页操作，向下翻页的命令有（）。
A. Ctrl-b
B. Ctrl-u
C. Ctrl-f
D. Ctrl-d",CD
"按照FHS标准，下面哪些目录应该是根目录的子目录
A. usr
B. bin
C. 普通用户tom的主目录
D. dev",ABD
"UNIX系统中，下面文件名命名错误的有（）。
A. file>a
B. filea.doc
C. file*a
D. file$a",ACD
"已知当前目录中不存在目录xx，如果想在当前目录中创建目录xx/yy，可以使用命令（组）（）。
A.
mkdir xx
mkdir xx/yy
B. mkdir -r xx/yy
C. mkdir -p xx/yy
D. mkdir xx/yy",AC
"已知某命令普通用户可以使用，则该命令的程序可能保存在目录（）中。
A. /sys
B. /usr
C. /usr/bin
D. /bin",CD
"可用于挂载其他文件系统的目录有（）。
A. /lib
B. /media
C. /udisk
D. /mnt",BD
"命令执行后，一定能够回到当前用户主目录的有（）。
A. cd ..
B. cd ~
C. cd -
D. cd",BD
"已知某命令只有用户root可以使用，则该命令不可能保存在目录（）中。
A. /sbin
B. /usr/sbin
C. /bin
D. /root",CD
"下列路径名为相对路径的有那些
A. /home/david/temp
B. ..
C. REPORT
D. .
E. my_first.c
F. david/temp",BCDEF
"root用户目前在自己的主目录中，想进入david用户的主目录，可以使用命令（）。
A. cd ../home/david
B. cd ~david
C. cd 
D. cd /home/david",ABD
"可用于保存库文件和模块文件的目录有（）
A. /usr/lib
B. /lib64
C. /lib
D. /usr/lib64",ABCD
"vi中的翻页操作符中，每次翻一页的有（）。
A. Ctrl-d
B. Ctrl-b
C. Ctrl-f
D. Ctrl-u",BC
"vi编辑器中，使用命令对选项进行设置，退出后再次打开vi时仍可以使用。
A. 对
B. 错",错
"系统日志等经常变动的文件放在/var目录中。
A. 对
B. 错",对
"mkdir命令创建目录后，目录中有.文件和..文件。
A. 对
B. 错",对
"rmdir命令能够删除目录中只有.文件和..文件的目录。
A. 对
B. 错",对
"重要的、机密文件可以放置在/tmp目录中，阻止其他用户的访问。
A. 对
B. 错",错
"cd命令后面的参数，可以使用绝对路径的形式表示，也可以使用相对路径的形式表示。
A. 对
B. 错",对
"在UNIX系统中，文件名中字母大小写不敏感。
A. 对
B. 错",错
"UNIX文件系统组织为一个以根目录(/)为根节点的树形结构。
A. 对
B. 错",对
"vi打开一个已存在的文件，文件会被复制到一个临时工作区，接着所进行的修改只作用于临时工作区中的副本，而不是原文件。
A. 对
B. 错",对
"vi中命令J的作用是连接两行。
A. 对
B. 错",对
"绝对路径/home/david/bin中的第一个/表示路径开始，后面的/是父目录与子目录的分隔符。
A. 对
B. 错",错
"使用绝对路径可以表示出文件系统中任意文件的位置，而使用相对路径只能表示出当前目录内部文件的位置。
A. 对
B. 错",错
"输出重定向允许命令（进程）的输出保存到（）中。
A. 标准出错设备
B. 标准输出设备
C. 标准输入设备
D. 文件",D
"wc命令统计字数的选项是（）。
A. c
B. w
C. count
D. word",B
"下面命令中能显示出当前目录中文件（不包括隐藏文件）个数的是（）。
A. ls -l | wc -w
B. ls -l | wc -l
C. ls | wc -l
D. ls | wc -w",D
"wc命令统计行数的选项是（）。
A. lines
B. l
C. w
D. c",B
"命令（）能够在已存在文件和新文件之间建立链接。
A. lk
B. mv
C. cp
D. ln",D
"ls -l命令显示文件详细信息，第一个字段的第2到10个字符表示对文件不同用户的权限设置，如果某个位置的符号为（），表示用户没有该项权限。
A. x
B. w
C. -
D. r",C
"find命令选项atime表示按照文件的（）查找。
A. 最近访问时间
B. 最近修改时间
C. 最近状态改变时间
D. 文件创建时间",A
"find命令选项mtime表示按照文件的（）查找。
A. 最近状态改变时间
B. 文件创建时间
C. 最近修改时间
D. 最近访问时间",C
"命令行中只输入cat命令，cat命令从（）获得输入。
A. 文件
B. 标准输入设备
C. 标准输出设备
D. 标准出错输出设备",B
"显示文件filea第21到30行的命令是（）。
A. head -30 filea | tail -21
B. head -30 filea | tail -10
C. tail -n 30-21 filea
D. head -n 21-30 filea",B
"ls -l命令显示文件详细信息，第一个字段的第2到10个字符表示对文件不同用户的权限设置，其中表示对文件有执行权限的符号为（）。
A. r
B. x
C. g
D. e",B
"如果使用cp命令复制目录，需要使用选项（）。
A. -f
B. -b
C. -i
D. -r",D
"将文件filea改名为fileb的命令是()。
A. cp filea fileb
B. ln filea fileb
C. cn filea fileb
D. mv filea fileb",D
"使用rm命令删除目录时，必须使用的选项为（）
A. r
B. f
C. i
D. a",A
"输入重定向允许命令（进程）从（）中获得输入。
A. 标准出错设备
B. 标准输入设备
C. 标准输出设备
D. 文件",D
"使用find命令将在cpp1目录中找到以.c为结尾的文件并且将他们都拷贝到目录cpp2中的命令是（）。
A. find cpp1 -name *.c -exec cp cpp2 {} \;
B. find cpp1 -name *.c -exec cp {} cpp2 \;
C. find cpp1 -name ""*.c"" -exec cp {} cpp2 \;
D. find cpp1 -name ""*.c"" -exec cp cpp2 {} \;",C
"用于将文件从一个地方移动到另外一个地方的命令是（）。
A. cp
B. ln
C. mv
D. move",C
"用于创建文件副本的命令是（）。
A. cp
B. copy
C. mv
D. ln",A
"输入重定向使用的符号有（）。
A. <
B. <<
C. >>
D. >",AB
"下面哪些命令能够显示文件filea的内容（）。
A. cat < filea
B. cat << filea
C. cat filea
D. cat > filea",AC
"输出重定向使用的符号有（）。
A. <
B. >>
C. <<
D. >",BD
"ls -l命令显示文件详细信息，第一个字段的第2到10个字符表示对文件不同用户的权限设置，用于表示文件权限的符号有（）。
A. r
B. -
C. x
D. w",ABCD
"dir是一个目录，cp filea fileb filec dir命令成功执行后，再执行ls dir命令，显示的文件有()
A. fileb
B. dir
C. filec
D. filea",ACD
"匹配report[!1-3]的文件名是（）。
A. report2
B. report4
C. reporta
D. report",BC
"find命令的组成部分有（）。
A. 动作选项
B. 默认选项
C. 搜索选项
D. 路径名",ACD
"下面命令中，能够复制文件filea为fileb的有（）。
A. cat < filea > fileb
B. ln filea fileb
C. cp filea fileb
D. cat filea > fileb",ACD
"下面哪些文件只使用ls命令不能显示，而使用ls -a命令能够显示出来（）。
A. .vimrc
B. ..
C. .
D. .bash_profile",ABCD
"动作选项-exec和-ok的区别在于，-exec用户执行命令前需要确认，而-ok不需要。
A. 对
B. 错",错
"ls -l命令显示文件详细信息，第5个字段表示这个文件的大小，单位是kb。
A. 对
B. 错",错
"find命令的-name选项后面出现带通配符的文件名时，需要将整个文件名用双引号引上。
A. 对
B. 错",对
"通配符[]出现的位置可以没有字符。
A. 对
B. 错",错
"文件filea已存在，执行命令ls >>filea后，filea原有的数据不会被覆盖。
A. 对
B. 错",对
"作为cp、mv和ln命令参数的文件名，既可以用绝对路径表示，也可以用相对路径表示。
A. 对
B. 错",对
"用作通配符时，？可以匹配文件名中的0个或者1个字符。
A. 对
B. 错",错
"使用cat命令，结合输出重定向可以创建新文件。
A. 对
B. 错",对
"dir是当前目录中的一个目录，当前目录中不存在目录dir1，mv dir dir1命令执行的结果是目录dir被移动到目录dir1中。
A. 对
B. 错",错
"修改链接文件的内容，不影响被链接文件的内容。
A. 对
B. 错",错
"cat命令的参数可以为一个或多个文本文件名，用来显示这个/些文件的内容。
A. 对
B. 错",对
"dir是当前目录中一个已存在的目录，cp filea dir命令成功执行后，会生成文件filea的副本，名为dir。
A. 对
B. 错",错
"rm * 表示要删除当前目录中的所有文件。
A. 对
B. 错",对
"wc命令能够从标准输入设备读取数据并进行统计。
A. 对
B. 错",对
"可以使用ls *.*显示当前目录下的所有文件。
A. 对
B. 错",错
"已知fileb是filea的链接文件，删除文件fileb后，filea的链接数属性值减一。
A. 对
B. 错",对
"对于wc命令来说，字之间的分隔符是空格或tab（制表符）。
A. 对
B. 错",对
"文件名中的通配符由命令自己识别，shell无需处理。
A. 对
B. 错",错
"使用命令mv filea dir，将文件filea移动到dir目录中后，文件filea的名字不变。
A. 对
B. 错",对
"执行命令cal > this_year后，屏幕上不会显示cal命令的输出内容。
A. 对
B. 错",对
"在命令行中，可以使用（）分隔多个命令，从左向右依次执行。
A. $
B. ;（分号）
C. :（冒号）
D. &",B
"命令echo ""\""""的输出为（）。
A. ""\""""
B. """"""
C. \""
D. """,D
"将命令date、pwd和ls都放在后台执行的正确写法是（）。
A. date&;pwd&;ls&
B. date;pwd;ls
C. (date;pwd;ls)
D. date&pwd&ls&",D
"将命令放在后台执行，需要在命令后面加上符号（）。
A. %
B. &
C. $
D. #",B
"发送信号给指定进程，进行进程间通信的命令是（）。
A. signal
B. kill
C. send
D. ss",B
"对shell变量进行赋值需要使用符号（）。
A. ==
B. &=
C. =
D. :=",C
"在命令行结尾输入\，回车后新的一行的提示符由变量（）的值决定。
A. PS1
B. SHELL
C. PS2
D. TERM",C
"将目录/home/david/bin加入PATH变量中真确命令为（）。
A. PATH=$path:/home/david/bin
B. PATH=$PATH;/home/david/bin
C. PATH=/home/david/bin
D. PATH=$PATH:/home/david/bin",D
"kill命令中用于显示信号列表的选项是（）。
A. a
B. f
C. l
D. s",C
"shell变量值的类型为（）
A. 文本
B. 字符
C. 字符串
D. 数字",C
"用户david执行HOME=/home/david/bin命令后，执行cd命令后，再执行pwd命令，显示的结果为（）。
A. /home/david
B. /root
C. /home
D. /home/david/bin",D
"echo的转义序列中，（）表示回车换行。
A. \c
B. \n
C. \t
D. \r",B
"命令替换所使用的符号是（）。
A. ""
B. '
C. `（重音符号）
D. ~",C
"命令age=32;echo '$age'执行后显示的结果为（）。
A. age
B. 32
C. $age
D. age=32",C
"在命令行中延迟2分钟再输出hello world的命令是（）。
A. sleep 120 & echo ""Hello World""
B. sleep 2;echo ""Hello World""
C. sleep 120 ;echo ""Hello World""
D. sleep 2 & echo ""Hello World""",C
"将几个命令变成一组执行，需要使用符号()。
A. {}
B. []
C. ()
D. \ \",C
"在echo命令中使用转义序列，必须将转义序列使用符号（）括起来。
A. '（单引号）
B. `（重音符号）
C. ""(双引号)
D. （）（括号）",C
"age为shell局部变量，要使用echo命令显示该变量的值，需要在变量前面加符号（）。
A. &
B. %
C. $
D. #",C
"PATH变量中目录间的分隔符为（）。
A. :（冒号）
B. ;（分号）
C. 空格
D. 制表符",A
"命令编组中命令与命令之间的分隔符是（）。
A. 空格
B. 制表符
C. :（冒号）
D. ;（分号）",D
"消除元字符的特殊含义，可以使用符号（）
A. ""
B. \
C. `(重音符号)
D. '",ABD
"变量（）用于保存命令提示符。
A. PS3
B. PSMORE
C. PS1
D. PS2",CD
"在符号（）括起来的内容中保留空白字符（空格、制表和换行符等）。
A. ""
B. '
C. `（重音符号）
D. \",AB
"已知kill命令的15号信号名为SIGTERM，下面向5025号进程发送15号信号的命令有（）。
A. kill  5025
B. kill -15 5025
C. kill 15 5025
D. kill -SIGTERM 5025",ABD
"下面哪些是shell的功能（）。
A. 管道(|)
B. 环境控制
C. 文件名替换
D. I/O重定向
E. 命令执行
F. 后台处理
G. shell脚本
H. 内核装载",ABCDEFG
"查看系统中所有进程的状态，可以使用命令
A. ps -ef
B. ps
C. ps aux
D. ps ef",AC
"下列命令中属于内部命令的有（）。
A. help
B. set
C. alias
D. kill
E. echo",ABCDE
"可用于命令提示符中的转义序列有（）。
A. \W
B. \$
C. \h
D. \u",ABCD
"双引号括起的内容中，元字符（）仍具有特殊含义。
A. <
B. $
C. `(重音符号)
D. >",BC
"命令ls | tee lsf1 lsf2 执行后，ls命令的输出将输出到（）。 
A. 标准输出
B. 文件lsf2
C. 文件tee
D. 文件lsf1",ABD
"命令kill -9 0 将终止当前shell（退出shell）
A. 对
B. 错",对
"命令行中互相配对的两个单引号括起的任何字符都失去特殊含义
A. 对
B. 错",对
"使用mv命令将文件从一个目录移动到另一个目录，文件i节点号也随之变化。
A. 对
B. 错",错
"more命令可以分页查看文本文件，但是不能向前翻页。
A. 对
B. 错",对
"在echo命令中所使用的转义字符，用于控制消息的格式，以反斜杠(\)开始，解释为用户想得到的输出。
A. 对
B. 错",对
"命令行中含有重音符号括起来的命令，则先执行该命令，并将结果替换命令行中原来的命令。
A. 对
B. 错",对
"\将其后的元字符解释为普通字符。
A. 对
B. 错",对
"在echo命令中如果要使用转义序列，必须使用-e选项。
A. 对
B. 错",对
"命令在前台执行时封锁键盘，命令在后台执行时不封锁键盘。
A. 对
B. 错",对
"环境变量在shell中不能被用户重新赋值。
A. 对
B. 错",错
"复制命令所产生的新文件和原文件i节点号相同。
A. 对
B. 错",错
"管道可以将多个命令组合到一起，形成管道流水线，对数据进行处理。
A. 对
B. 错",对
"用户修改标准变量的值，仅作用于当前会话，暂时改变。
A. 对
B. 错",对
"ps命令不带选项，显示所有终端用户活动进程的状态。
A. 对
B. 错",错
"shell中的局部变量又称标准变量。
A. 对
B. 错",错
"可以对一个命令分组进行输出重定向。
A. 对
B. 错",对
"用户执行内部命令时，将依次查找PATH变量所保存的目录。
A. 对
B. 错",错
"使用ln命令为文件filea创建链接文件，filea的i节点号不变，但文件的数据会被复制一次。
A. 对
B. 错",错
"命令ls | more，可以将当前目录中的文件分页显示出来。
A. 对
B. 错",对
"echo命令的作用是将消息参数显示在用户的终端上。
A. 对
B. 错",对
"|（管道）是将前一个命令的标准输出作为后一个命令的标准输入。
A. 对
B. 错",对
"使用mv命令将文件改名，文件的i节点号会随着文件名的改变而改变。
A. 对
B. 错",错
"shell内部命令是shell本身的一部分，在shell内部识别执行；shell外部命令保存在磁盘上，执行时才载入内存。
A. 对
B. 错",对
"从变量中取值需要使用符号（）。
A. #
B. $
C. %
D. &",B
"shell中用于清除变量的命令是（）。
A. unuse
B. unset
C. clear
D. cls",B
"当前的shell是bash，在命令行中使用ksh won命令运行脚本won，脚本won在哪种shell中执行？
A. csh
B. ksh
C. sh
D. bash",B
"将文件filea的文本按照数值倒序排序的命令是（）。
A. sort -vr filea
B. sort -nr filea
C. sort -dr filea
D. sort -fn filea",B
"修改文件权限的命令是（）。
A. chown
B. chperm
C. chsh
D. chmod",D
"在/etc/passwd文件中查找不包含root的行的命令（）。
A. grep -r root /etc/passwd 
B. grep -n root /etc/passwd
C. grep -v root /etc/passwd
D. grep root /etc/passwd",C
"shell中，2>表示？
A. 输入重定向
B. 标准错误输出重定向
C. 追加重定向
D. 输出重定向",B
"shell中赋值给变量的值的类型为（）。
A. 整数
B. 字符
C. 字符串
D. 布尔",C
"shell变量var1的值为100，执行命令序列var1=10;export var1;bash;bash后，再执行echo $var1，显示的结果为（）。
A. 空行
B. 100
C. 10
D. var1",C
"shell脚本中，哪个符号表示后面的内容是注释文档
A. #
B. //
C. $
D. /*",A
"脚本中使用命令read VAR1 VAR2 VAR3 读取输入，用户的输入为32 ab，则VAR3为（）
A. 32
B. 空
C. 32 ab
D. ab",B
"表示gcc只进行预处理、编译和汇编，不生成可执行程序文件的选项是（）。 
A. E
B. S
C. c
D. o",C
"打开非登录shell时，需要执行的用户配置文件为（）。
A. ~/.bashrc
B. ~/.bash_logout
C. ~/.bash_profile
D. /etc/profile",A
"下条命令成功执行后，所生成的可执行文件为？
g++ -o first first.cpp
A. first
B. a.out
C. first.out
D. first.exe",A
"命令DATE=`date`执行后，DATE中的内容为（）。
A. date
B. 命令执行时的日期时间
C. 空字符
D. 命令执行时的日期",B
"脚本中使用命令read VAR1 VAR2 VAR3 读取输入，用户的输入为32 ab 56 cd，则VAR3为（）
A. 56 cd
B. 空
C. 56
D. ab",A
"shell或脚本中，对变量进行赋值的符号为（）。
A. +=
B. ==
C. :=
D. =",D
"umask变量的值在哪个配置文件中设置。
A. ~/.bash_logout
B. ~/.bash_profile
C. /etc/profile
D. ~/.bash_login",C
"make命令通过makefile文件编译所对应的源码程序，makefile文件内容的组成部分包括（）
A. 版本号
B. 目标
C. 命令
D. 依赖文件",BCD
"make命令主要解决的问题（）。
A. 减少项目重复编译时间
B. 大项目源代码关系维护
C. 版本控制
D. 系统界面生成",AB
"Linux的全局性系统配置文件有（）。
A. /etc/bashrc
B. ~/.bashrc
C. ~/.bash_profile
D. /etc/profile",AD
"gcc / g++ 执行编译的步骤包括（）。
A. 链   接
B. 预处理
C. 汇   编
D. 编   译",ABCD
"对文件filea的文本进行排序，并将结果保存到文件fileasorted的命令（）。
A. sort filea -o fileasorted
B. sort < filea > fileasorted
C. sort < filea -o fileasorted
D. sort filea > fileasorted",ABCD
"已知用户所在的工作目录不在PATH变量保存的路径中，用户对工作目录中的脚本won有执行权限，那么能够执行脚本won的命令有（）。
A. won
B. .  won
C. ./won
D. bash won",BCD
"已知当前目录中只有三个文件file1 file2 和file3，命令（）能够从这些文件中查找包含字符串hello的行。
A. grep hello file?
B. grep hello *
C. grep hello file*
D. grep hello file1 file2 file3",ABCD
"已知文件filea的权限设置为rwxr--r--，要对组用户赋予写的权限，而不改变其他用户的权限，可以使用命令（）。
A. chmod a+w filea
B. chmod g+w filea
C. chmod g=rw filea
D. chmod g=w filea",BC
"适用于某个使用bash shell的用户的局部性用户配置文件有（）。
A. ~/.bash_profile
B. /etc/profile
C. ~/.bash_logout
D. ~/.bashrc",ACD
"make命令的输入文件可以为（）。
A. GNUmakefile
B. 选项 f 所指定的文件
C. Makefile
D. makefile",ABCD
"shell的程序文件被称为（）。
A. shell进程
B. 脚本
C. shell脚本
D. shell过程",BCD
chmod命令中，表示权限的符号中，读权限用字母（）表示；写权限用字母（）表示；执行权限用字母（）表示。,"(1) r
(2) w
(3) x"
chmod命令中，表示作用对象的符号中，用户/所有者用字母（）表示；组用户用字母（）表示；其他用户用字母（）表示；所有用户用字母（）表示。,"(1) u
(2) g
(3) o
(4) a"
chmod命令中，字母（）表示赋予用户某项权限；字母（）表示取消用户某项权限；字母（）表示为特定用户设置权限。,"(1) +
(2) -
(3) ="
"make命令用于编译众多相互关联的源代码文件。
A. 对
B. 错",对
"使用 . 命令运行脚本时，在当前shell中执行脚本，而不创建子进程。
A. 对
B. 错",对
"使用 . 和sh命令执行脚本时，也需要用户对脚本有执行权限，才能执行。
A. 对
B. 错",错
"解释程序不需要将高级语言翻译成机器语言
A. 对
B. 错",错
"gcc/g++编译程序时，不使用任何选项，默认生成的可执行文件为a.out
A. 对
B. 错",对
"在shell中定义变量时，需要声明变量类型。
A. 对
B. 错",错
"shell脚本是一个二进制文件，包含一系列shell命令。
A. 对
B. 错",错
"使用sh命令执行脚本的实质是启动sh命令所指定的shell运行脚本程序
A. 对
B. 错",对
"登录shell需要输入用户名和密码进行登录操作；打开非登录shell时，不需要输入用户名和密码。
A. 对
B. 错",对
"shell脚本需要先进行编译，然后再执行。
A. 对
B. 错",错
"执行脚本时，可以给执行该脚本的用户赋予一个执行权限，使脚本转变成可执行文件，再执行。
A. 对
B. 错",对
"在chmod命令中，使用=为用户赋予权限，会先将用户原有权限清除，再赋予新权限。
A. 对
B. 错",对
"解释程序一次翻译一行代码。
A. 对
B. 错",对
"make若没有指定目标，默认实现makefile文件的第一个目标，然后退出；编译时只能指定一个实现目标。
A. 对
B. 错",错
"判断变量num1中的数值是否大于num2中的数值的test正确命令为（）
A. test num1 -gt num2
B. test $num1 -ge $num2
C. test num1 -ge num2
D. test $num1 -gt $num2",D
"echo $1 为脚本BOX中的语句，在命令行中输入BOX ONE TWO THREE后，脚本中echo $1的输出为（）。
A. TWO
B. BOX
C. ONE
D. THREE",C
"判断变量var的值既不等于abc，也不等于bcd的test命令（）。
A. test ""$var"" != abc -a ""$var"" != bcd 
B. test var != abc -o var != bcd 
C. test var != abc -a var != bcd 
D. test ""$var"" != abc -o ""$var"" != bcd",A
"显示磁盘空间使用情况的命令是？
A. du
B. fdisk
C. df
D. dd",C
"在命令行中执行命令var1=""one two three"";set `echo $var1`后，再执行echo $*，输出为（）。
A. one two three
B. one
C. three
D. two",A
"命令x=10 ; x=$x+1执行后，再执行echo $x显示的结果为（）。
A. 11
B. 10+1
C. $x+1
D. 10",B
"echo $* 为脚本BOX中的语句，在命令行中输入BOX ONE TWO THREE后，脚本中echo $*的输出为（）。
A. ONE TWO THERE
B. TWO
C. BOX ONE TWO THERE
D. ONE",A
"echo $0 为脚本BOX中的语句，在命令行中输入BOX ONE TWO THREE后，脚本中echo $0的输出为（）。
A. ONE
B. THREE
C. BOX
D. TWO",C
"主要用来显示目录空间使用情况的命令是？
A. fdsik
B. du
C. df
D. dd",B
"用户的登录密码保存在哪个文件中？
A. /etc/shadow
B. /etc/passwd
C. /etc/users
D. /etc/profile",A
"echo $# 为脚本BOX中的语句，在命令行中输入BOX ONE TWO THREE后，脚本中echo $#的输出为（）。
A. 3
B. 2
C. 1
D. 4",A
"用户账号信息保存在哪个文件中？
A. /etc/shadow
B. /etc/users
C. /etc/user
D. /etc/passwd",D
"在指定时间执行程序的命令是？
A. exec
B. run
C. runontime
D. at",D
"检测变量var的值是否等于abc的命令为（）。
A. [ var = abc ]
B. test ""$var"" = abc
C. test var = abc
D. [ ""$var"" = abc ]",BD
"属于test命令的数值判断操作符有（）。
A. -le
B. ==
C. -eq
D. -gt",ACD
"文件filea的用户访问权限设置用数字形式表示是755，则同组用户拥有的访问权限是？
A. 写
B. 执行
C. 读
D. 无权限",BC
"属于test命令字符串比较操作符的有（）。
A. =
B. -z
C. !=
D. -n",ABCD
"test命令用于文件检测的操作符有（）。
A. -s
B. -r
C. -d
D. -f
E. -w",ABCDE
tar命令中表示“创建一个新的存档文件”功能的选项是（）；表示“使用下一个参数作为存档文件的存放位置”的选项是（）；表示“列出存档文件中所有被打包的文件”的选项是（）；表示“从存档文件中还原被打包文件”的选项是（）；表示“提供打包文件的附加信息”的选项是（）,"(1) c;-c
(2) f;-f
(3) t;-t
(4) x;-x
(5) v;-v"
使用compress命令压缩后的文件，可以使用()命令进行解压缩。,(1) uncompress;compress -d
"exit是shell内部命令，能够终止脚本执行，并返回一个退出状态（一个整数，又称返回码）。
A. 对
B. 错",对
"test是shell外部命令，它计算作为其参数的表达式的真假
A. 对
B. 错",错
"超级用户不可以读取其他用户的加密文件
A. 对
B. 错",错
"test命令的数值判断操作符可以判断（比较）两个数的大小，无论这两个数是整数还是实数。
A. 对
B. 错",错
"超级用户可以删除其他用户的文件
A. 对
B. 错",对
